sepal_length,sepal_width,petal_length,petal_width,species,iris_id,event_timestamp
5.1,3.5,1.4,0.2,setosa,0,2026-07-05 08:57:37.869830
4.9,3.0,1.4,0.2,setosa,1,2026-07-05 08:57:37.869830
4.7,3.2,1.3,0.2,setosa,2,2026-07-05 08:57:37.869830
4.6,3.1,1.5,0.2,setosa,3,2026-07-05 08:57:37.869830
5.0,3.6,1.4,0.2,setosa,4,2026-07-05 08:57:37.869830
5.4,3.9,1.7,0.4,setosa,5,2026-07-05 08:57:37.869830
4.6,3.4,1.4,0.3,setosa,6,2026-07-05 08:57:37.869830
5.0,3.4,1.5,0.2,setosa,7,2026-07-05 08:57:37.869830
4.4,2.9,1.4,0.2,setosa,8,2026-07-05 08:57:37.869830
4.9,3.1,1.5,0.1,setosa,9,2026-07-05 08:57:37.869830
5.4,3.7,1.5,0.2,setosa,10,2026-07-05 08:57:37.869830
4.8,3.4,1.6,0.2,setosa,11,2026-07-05 08:57:37.869830
4.8,3.0,1.4,0.1,setosa,12,2026-07-05 08:57:37.869830
4.3,3.0,1.1,0.1,setosa,13,2026-07-05 08:57:37.869830
5.8,4.0,1.2,0.2,setosa,14,2026-07-05 08:57:37.869830
5.7,4.4,1.5,0.4,setosa,15,2026-07-05 08:57:37.869830
5.4,3.9,1.3,0.4,setosa,16,2026-07-05 08:57:37.869830
5.1,3.5,1.4,0.3,setosa,17,2026-07-05 08:57:37.869830
5.7,3.8,1.7,0.3,setosa,18,2026-07-05 08:57:37.869830
5.1,3.8,1.5,0.3,setosa,19,2026-07-05 08:57:37.869830
5.4,3.4,1.7,0.2,setosa,20,2026-07-05 08:57:37.869830
5.1,3.7,1.5,0.4,setosa,21,2026-07-05 08:57:37.869830
4.6,3.6,1.0,0.2,setosa,22,2026-07-05 08:57:37.869830
5.1,3.3,1.7,0.5,setosa,23,2026-07-05 08:57:37.869830
4.8,3.4,1.9,0.2,setosa,24,2026-07-05 08:57:37.869830
5.0,3.0,1.6,0.2,setosa,25,2026-07-05 08:57:37.869830
5.0,3.4,1.6,0.4,setosa,26,2026-07-05 08:57:37.869830
5.2,3.5,1.5,0.2,setosa,27,2026-07-05 08:57:37.869830
5.2,3.4,1.4,0.2,setosa,28,2026-07-05 08:57:37.869830
4.7,3.2,1.6,0.2,setosa,29,2026-07-05 08:57:37.869830
4.8,3.1,1.6,0.2,setosa,30,2026-07-05 08:57:37.869830
5.4,3.4,1.5,0.4,setosa,31,2026-07-05 08:57:37.869830
5.2,4.1,1.5,0.1,setosa,32,2026-07-05 08:57:37.869830
5.5,4.2,1.4,0.2,setosa,33,2026-07-05 08:57:37.869830
4.9,3.1,1.5,0.2,setosa,34,2026-07-05 08:57:37.869830
5.0,3.2,1.2,0.2,setosa,35,2026-07-05 08:57:37.869830
5.5,3.5,1.3,0.2,setosa,36,2026-07-05 08:57:37.869830
4.9,3.6,1.4,0.1,setosa,37,2026-07-05 08:57:37.869830
4.4,3.0,1.3,0.2,setosa,38,2026-07-05 08:57:37.869830
5.1,3.4,1.5,0.2,setosa,39,2026-07-05 08:57:37.869830
5.0,3.5,1.3,0.3,setosa,40,2026-07-05 08:57:37.869830
4.5,2.3,1.3,0.3,setosa,41,2026-07-05 08:57:37.869830
4.4,3.2,1.3,0.2,setosa,42,2026-07-05 08:57:37.869830
5.0,3.5,1.6,0.6,setosa,43,2026-07-05 08:57:37.869830
5.1,3.8,1.9,0.4,setosa,44,2026-07-05 08:57:37.869830
4.8,3.0,1.4,0.3,setosa,45,2026-07-05 08:57:37.869830
5.1,3.8,1.6,0.2,setosa,46,2026-07-05 08:57:37.869830
4.6,3.2,1.4,0.2,setosa,47,2026-07-05 08:57:37.869830
5.3,3.7,1.5,0.2,setosa,48,2026-07-05 08:57:37.869830
5.0,3.3,1.4,0.2,setosa,49,2026-07-05 08:57:37.869830
7.0,3.2,4.7,1.4,versicolor,50,2026-07-05 08:57:37.869830
6.4,3.2,4.5,1.5,versicolor,51,2026-07-05 08:57:37.869830
6.9,3.1,4.9,1.5,versicolor,52,2026-07-05 08:57:37.869830
5.5,2.3,4.0,1.3,versicolor,53,2026-07-05 08:57:37.869830
6.5,2.8,4.6,1.5,versicolor,54,2026-07-05 08:57:37.869830
5.7,2.8,4.5,1.3,versicolor,55,2026-07-05 08:57:37.869830
6.3,3.3,4.7,1.6,versicolor,56,2026-07-05 08:57:37.869830
4.9,2.4,3.3,1.0,versicolor,57,2026-07-05 08:57:37.869830
6.6,2.9,4.6,1.3,versicolor,58,2026-07-05 08:57:37.869830
5.2,2.7,3.9,1.4,versicolor,59,2026-07-05 08:57:37.869830
5.0,2.0,3.5,1.0,versicolor,60,2026-07-05 08:57:37.869830
5.9,3.0,4.2,1.5,versicolor,61,2026-07-05 08:57:37.869830
6.0,2.2,4.0,1.0,versicolor,62,2026-07-05 08:57:37.869830
6.1,2.9,4.7,1.4,versicolor,63,2026-07-05 08:57:37.869830
5.6,2.9,3.6,1.3,versicolor,64,2026-07-05 08:57:37.869830
6.7,3.1,4.4,1.4,versicolor,65,2026-07-05 08:57:37.869830
5.6,3.0,4.5,1.5,versicolor,66,2026-07-05 08:57:37.869830
5.8,2.7,4.1,1.0,versicolor,67,2026-07-05 08:57:37.869830
6.2,2.2,4.5,1.5,versicolor,68,2026-07-05 08:57:37.869830
5.6,2.5,3.9,1.1,versicolor,69,2026-07-05 08:57:37.869830
5.9,3.2,4.8,1.8,versicolor,70,2026-07-05 08:57:37.869830
6.1,2.8,4.0,1.3,versicolor,71,2026-07-05 08:57:37.869830
6.3,2.5,4.9,1.5,versicolor,72,2026-07-05 08:57:37.869830
6.1,2.8,4.7,1.2,versicolor,73,2026-07-05 08:57:37.869830
6.4,2.9,4.3,1.3,versicolor,74,2026-07-05 08:57:37.869830
6.6,3.0,4.4,1.4,versicolor,75,2026-07-05 08:57:37.869830
6.8,2.8,4.8,1.4,versicolor,76,2026-07-05 08:57:37.869830
6.7,3.0,5.0,1.7,versicolor,77,2026-07-05 08:57:37.869830
6.0,2.9,4.5,1.5,versicolor,78,2026-07-05 08:57:37.869830
5.7,2.6,3.5,1.0,versicolor,79,2026-07-05 08:57:37.869830
5.5,2.4,3.8,1.1,versicolor,80,2026-07-05 08:57:37.869830
5.5,2.4,3.7,1.0,versicolor,81,2026-07-05 08:57:37.869830
5.8,2.7,3.9,1.2,versicolor,82,2026-07-05 08:57:37.869830
6.0,2.7,5.1,1.6,versicolor,83,2026-07-05 08:57:37.869830
5.4,3.0,4.5,1.5,versicolor,84,2026-07-05 08:57:37.869830
6.0,3.4,4.5,1.6,versicolor,85,2026-07-05 08:57:37.869830
6.7,3.1,4.7,1.5,versicolor,86,2026-07-05 08:57:37.869830
6.3,2.3,4.4,1.3,versicolor,87,2026-07-05 08:57:37.869830
5.6,3.0,4.1,1.3,versicolor,88,2026-07-05 08:57:37.869830
5.5,2.5,4.0,1.3,versicolor,89,2026-07-05 08:57:37.869830
5.5,2.6,4.4,1.2,versicolor,90,2026-07-05 08:57:37.869830
6.1,3.0,4.6,1.4,versicolor,91,2026-07-05 08:57:37.869830
5.8,2.6,4.0,1.2,versicolor,92,2026-07-05 08:57:37.869830
5.0,2.3,3.3,1.0,versicolor,93,2026-07-05 08:57:37.869830
5.6,2.7,4.2,1.3,versicolor,94,2026-07-05 08:57:37.869830
5.7,3.0,4.2,1.2,versicolor,95,2026-07-05 08:57:37.869830
5.7,2.9,4.2,1.3,versicolor,96,2026-07-05 08:57:37.869830
6.2,2.9,4.3,1.3,versicolor,97,2026-07-05 08:57:37.869830
5.1,2.5,3.0,1.1,versicolor,98,2026-07-05 08:57:37.869830
5.7,2.8,4.1,1.3,versicolor,99,2026-07-05 08:57:37.869830
6.3,3.3,6.0,2.5,virginica,100,2026-07-05 08:57:37.869830
5.8,2.7,5.1,1.9,virginica,101,2026-07-05 08:57:37.869830
7.1,3.0,5.9,2.1,virginica,102,2026-07-05 08:57:37.869830
6.3,2.9,5.6,1.8,virginica,103,2026-07-05 08:57:37.869830
6.5,3.0,5.8,2.2,virginica,104,2026-07-05 08:57:37.869830
7.6,3.0,6.6,2.1,virginica,105,2026-07-05 08:57:37.869830
4.9,2.5,4.5,1.7,virginica,106,2026-07-05 08:57:37.869830
7.3,2.9,6.3,1.8,virginica,107,2026-07-05 08:57:37.869830
6.7,2.5,5.8,1.8,virginica,108,2026-07-05 08:57:37.869830
7.2,3.6,6.1,2.5,virginica,109,2026-07-05 08:57:37.869830
6.5,3.2,5.1,2.0,virginica,110,2026-07-05 08:57:37.869830
6.4,2.7,5.3,1.9,virginica,111,2026-07-05 08:57:37.869830
6.8,3.0,5.5,2.1,virginica,112,2026-07-05 08:57:37.869830
5.7,2.5,5.0,2.0,virginica,113,2026-07-05 08:57:37.869830
5.8,2.8,5.1,2.4,virginica,114,2026-07-05 08:57:37.869830
6.4,3.2,5.3,2.3,virginica,115,2026-07-05 08:57:37.869830
6.5,3.0,5.5,1.8,virginica,116,2026-07-05 08:57:37.869830
7.7,3.8,6.7,2.2,virginica,117,2026-07-05 08:57:37.869830
7.7,2.6,6.9,2.3,virginica,118,2026-07-05 08:57:37.869830
6.0,2.2,5.0,1.5,virginica,119,2026-07-05 08:57:37.869830
6.9,3.2,5.7,2.3,virginica,120,2026-07-05 08:57:37.869830
5.6,2.8,4.9,2.0,virginica,121,2026-07-05 08:57:37.869830
7.7,2.8,6.7,2.0,virginica,122,2026-07-05 08:57:37.869830
6.3,2.7,4.9,1.8,virginica,123,2026-07-05 08:57:37.869830
6.7,3.3,5.7,2.1,virginica,124,2026-07-05 08:57:37.869830
7.2,3.2,6.0,1.8,virginica,125,2026-07-05 08:57:37.869830
6.2,2.8,4.8,1.8,virginica,126,2026-07-05 08:57:37.869830
6.1,3.0,4.9,1.8,virginica,127,2026-07-05 08:57:37.869830
6.4,2.8,5.6,2.1,virginica,128,2026-07-05 08:57:37.869830
7.2,3.0,5.8,1.6,virginica,129,2026-07-05 08:57:37.869830
7.4,2.8,6.1,1.9,virginica,130,2026-07-05 08:57:37.869830
7.9,3.8,6.4,2.0,virginica,131,2026-07-05 08:57:37.869830
6.4,2.8,5.6,2.2,virginica,132,2026-07-05 08:57:37.869830
6.3,2.8,5.1,1.5,virginica,133,2026-07-05 08:57:37.869830
6.1,2.6,5.6,1.4,virginica,134,2026-07-05 08:57:37.869830
7.7,3.0,6.1,2.3,virginica,135,2026-07-05 08:57:37.869830
6.3,3.4,5.6,2.4,virginica,136,2026-07-05 08:57:37.869830
6.4,3.1,5.5,1.8,virginica,137,2026-07-05 08:57:37.869830
6.0,3.0,4.8,1.8,virginica,138,2026-07-05 08:57:37.869830
6.9,3.1,5.4,2.1,virginica,139,2026-07-05 08:57:37.869830
6.7,3.1,5.6,2.4,virginica,140,2026-07-05 08:57:37.869830
6.9,3.1,5.1,2.3,virginica,141,2026-07-05 08:57:37.869830
5.8,2.7,5.1,1.9,virginica,142,2026-07-05 08:57:37.869830
6.8,3.2,5.9,2.3,virginica,143,2026-07-05 08:57:37.869830
6.7,3.3,5.7,2.5,virginica,144,2026-07-05 08:57:37.869830
6.7,3.0,5.2,2.3,virginica,145,2026-07-05 08:57:37.869830
6.3,2.5,5.0,1.9,virginica,146,2026-07-05 08:57:37.869830
6.5,3.0,5.2,2.0,virginica,147,2026-07-05 08:57:37.869830
6.2,3.4,5.4,2.3,virginica,148,2026-07-05 08:57:37.869830
5.9,3.0,5.1,1.8,virginica,149,2026-07-05 08:57:37.869830
